architecture,workload_records,run_number,start_time,end_time,execution_seconds,throughput_records_sec,records_input,records_output,records_rejected,duplicates_removed,success,retry_count,manual_intervention,cpu_time_seconds,peak_memory_mb,error_message,extract_seconds,transform_seconds,prepare_seconds,load_seconds,ingestion_seconds,validation_seconds,staging_seconds,intermediate_seconds,marts_seconds,orchestration_overhead_seconds
Traditional,5000,1,2026-09-05 22:21:05.030625,2026-09-05 22:21:07.074444,2.0438127999950666,2446.4080076277382,5000,4988,12,0,True,0,False,1.078125,89.921875,,0.022909599996637553,0.04315179999684915,0.010530300001846626,1.9664149999880465,,,,,,
Traditional,5000,2,2026-09-05 22:42:41.037428,2026-09-05 22:42:43.081526,2.044091700023273,2446.074214744413,5000,4988,12,0,True,0,False,1.328125,90.23046875,,0.03667760000098497,0.044159900018712506,0.011087499995483086,1.9513313000206836,,,,,,
Traditional,5000,3,2026-09-05 22:44:02.374024,2026-09-05 22:44:04.137253,1.7632199999934528,2835.72101043464,5000,4988,12,0,True,0,False,0.90625,89.73046875,,0.0165745000122115,0.029982500011101365,0.008692699979292229,1.707205700018676,,,,,,
Traditional,5000,4,2026-09-06 11:37:52.083706,2026-09-06 11:37:54.812863,2.729147199977888,1832.0741365802883,5000,4988,12,0,True,0,False,1.53125,89.5546875,,0.04665619999286719,0.049379499978385866,0.013234000012744218,2.6191534999816213,,,,,,
Traditional,5000,5,2026-09-06 11:42:17.821300,2026-09-06 11:42:19.475609,1.6544358000101056,3022.178315997187,5000,4988,12,0,True,0,False,0.90625,89.55859375,,0.017847800016170368,0.03816559998085722,0.009815400000661612,1.587879200000316,,,,,,
Traditional,10000,1,2026-09-06 11:43:36.217639,2026-09-06 11:43:39.068506,2.850858799996786,3507.714938393748,10000,9970,26,4,True,0,False,1.671875,93.01953125,,0.030773400008911267,0.02793270000256598,0.010883700015256181,2.7797884000174236,,,,,,
Traditional,10000,2,2026-09-06 11:45:49.306481,2026-09-06 11:45:52.112305,2.8058175000187475,3564.023675785465,10000,9970,26,4,True,0,False,1.796875,93.3125,,0.01894989999709651,0.029814699984854087,0.011336399998981506,2.7444805999984965,,,,,,
Traditional,10000,3,2026-09-06 11:46:55.320798,2026-09-06 11:46:58.071868,2.751063500007149,3634.9578989994284,10000,9970,26,4,True,0,False,1.640625,92.69921875,,0.01776449999306351,0.0256807999976445,0.010719999991124496,2.6958183999813627,,,,,,
Traditional,10000,4,2026-09-06 11:49:29.348365,2026-09-06 11:49:32.099703,2.7513312000082806,3634.60422357363,10000,9970,26,4,True,0,False,1.421875,93.13671875,,0.01938090001931414,0.02575500000966713,0.010958499973639846,2.6942027999903075,,,,,,
Traditional,10000,5,2026-09-06 11:55:26.435046,2026-09-06 11:55:29.719875,3.2848218000144698,3044.305173557954,10000,9970,26,4,True,0,False,1.890625,92.94921875,,0.020010000007459894,0.025333700003102422,0.010083100001793355,3.228350000019418,,,,,,
Traditional,50000,1,2026-09-06 11:55:38.716994,2026-09-06 11:55:50.377676,11.660673300008057,4287.917062213333,50000,49758,167,75,True,0,False,5.625,110.3828125,,0.07394979998935014,0.08240259997546673,0.019849599979352206,11.481234600010794,,,,,,
Traditional,50000,2,2026-09-06 12:02:35.820521,2026-09-06 12:02:48.453023,12.63249519999954,3958.0462298534517,50000,49758,167,75,True,0,False,6.609375,111.98828125,,0.07942260001436807,0.08922529997653328,0.021617000020341948,12.438169400003972,,,,,,
Traditional,50000,3,2026-09-06 12:09:02.877274,2026-09-06 12:09:14.931357,12.054074800020317,4147.974923792221,50000,49758,167,75,True,0,False,6.203125,111.4140625,,0.07234049998805858,0.09446399999433197,0.028613600006792694,11.854902700026287,,,,,,
Traditional,50000,4,2026-09-06 12:14:44.229145,2026-09-06 12:14:57.977896,13.748738599999342,3636.697260358299,50000,49758,167,75,True,0,False,7.078125,110.32421875,,0.07448459998704493,0.0845229999977164,0.022494600008940324,13.563742699974682,,,,,,
Traditional,50000,5,2026-09-06 12:15:26.461118,2026-09-06 12:15:38.763449,12.302320399991004,4064.273923481668,50000,49758,167,75,True,0,False,6.0625,111.45703125,,0.08477109999512322,0.0974362000124529,0.022999299981165677,12.093549600016559,,,,,,
Traditional,100000,1,2026-09-06 12:20:50.856576,2026-09-06 12:21:14.821230,23.964646899985382,4172.813412079149,100000,99377,337,286,True,0,False,11.65625,127.796875,,0.12956540001323447,0.17012419999809936,0.035966600000392646,23.62290430002031,,,,,,
Traditional,100000,2,2026-09-06 12:25:19.004931,2026-09-06 12:25:42.262945,23.258005500014406,4299.594821229965,100000,99377,337,286,True,0,False,11.3125,130.44140625,,0.12736389998462982,0.15988530000322498,0.03120389999821782,22.933217400015565,,,,,,
Traditional,100000,3,2026-09-06 12:33:23.370445,2026-09-06 12:33:46.993434,23.622977699997136,4233.16659186501,100000,99377,337,286,True,0,False,11.5,130.52734375,,0.1340873000153806,0.1688142000057269,0.03642519999993965,23.277152700000443,,,,,,
Traditional,100000,4,2026-09-06 12:34:08.378612,2026-09-06 12:34:31.368017,22.9893974000006,4349.831283528875,100000,99377,337,286,True,0,False,10.59375,128.66015625,,0.1487650999915786,0.1656029000005219,0.03240880000521429,22.635785899998154,,,,,,
Traditional,100000,5,2026-09-06 12:34:37.707772,2026-09-06 12:34:59.812313,22.104532900004415,4523.958974947624,100000,99377,337,286,True,0,False,11.171875,128.6875,,0.1274375999928452,0.15702759998384863,0.032538200000999495,21.780910600005882,,,,,,
